Workbook

Sheet Tareas
A1: ID EDT | B1: Actividad | C1: Responsable | D1: Semana inicio | E1: Semana fin | F1: Duración en semanas | G1: Horas estimadas | H1: Predecesora
A2: 1.1.1 | B2: Acta de constitución | C2: Juan David Polo Herrera | D2: 1 | E2: 1 | F2: =E2-D2+1 | G2: 12
A3: 1.1.2 | B3: Identificación de interesados | C3: Sebastián Castellanos Parra | D3: 1 | E3: 2 | F3: =E3-D3+1 | G3: 12
A4: 1.1.3 | B4: Seguimiento del proyecto | C4: Juan David Polo Herrera | D4: 1 | E4: 14 | F4: =E4-D4+1 | G4: 28
A5: 1.2.1 | B5: Propuesta del proyecto | C5: Sebastián Castellanos Parra | D5: 1 | E5: 1 | F5: =E5-D5+1 | G5: 12
A6: 1.2.2 | B6: Documento de supuestos | C6: Sebastián Castellanos Parra | D6: 2 | E6: 2 | F6: =E6-D6+1 | G6: 12 | H6: 1.2.1
A7: 1.2.3 | B7: MER Peter Chen | C7: Sebastián Castellanos Parra | D7: 3 | E7: 3 | F7: =E7-D7+1 | G7: 32 | H7: 1.2.2
A8: 1.2.4 | B8: MER Extendido | C8: Sebastián Castellanos Parra | D8: 4 | E8: 4 | F8: =E8-D8+1 | G8: 24 | H8: 1.2.3
A9: 1.2.5 | B9: MER Barker / Crow’s Foot | C9: Sebastián Castellanos Parra | D9: 5 | E9: 5 | F9: =E9-D9+1 | G9: 20 | H9: 1.2.4
A10: 1.2.6 | B10: Modelo relacional | C10: Juan David Polo Herrera | D10: 6 | E10: 6 | F10: =E10-D10+1 | G10: 24 | H10: 1.2.5
A11: 1.2.7 | B11: Normalización hasta 3FN | C11: Juan David Polo Herrera | D11: 7 | E11: 7 | F11: =E11-D11+1 | G11: 16 | H11: 1.2.6
A12: 1.2.8 | B12: Diccionario de datos | C12: Sebastián Castellanos Parra | D12: 8 | E12: 8 | F12: =E12-D12+1 | G12: 16 | H12: 1.2.7
A13: 1.2.9 | B13: Álgebra relacional: 55 ejercicios | C13: Juan Miguel Ramos | D13: 7 | E13: 8 | F13: =E13-D13+1 | G13: 40 | H13: 1.2.6
A14: H1 | B14: Fin Fase 1 | C14: Juan David Polo Herrera | D14: 8 | E14: 8 | F14: =0 | G14: 0 | H14: 1.2.8, 1.2.9
A15: 1.3.1 | B15: Análisis de selección de SO | C15: Juan Miguel Ramos | D15: 9 | E15: 9 | F15: =E15-D15+1 | G15: 8 | H15: H1
A16: 1.3.2 | B16: Implementación de la VM | C16: Juan Miguel Ramos | D16: 10 | E16: 10 | F16: =E16-D16+1 | G16: 16 | H16: 1.3.1
A17: 1.3.3 | B17: Análisis de selección de RDBMS | C17: Juan David Polo Herrera | D17: 9 | E17: 9 | F17: =E17-D17+1 | G17: 8 | H17: H1
A18: 1.3.4 | B18: Instalación del RDBMS | C18: Juan David Polo Herrera | D18: 11 | E18: 11 | F18: =E18-D18+1 | G18: 12 | H18: 1.3.2, 1.3.3
A19: 1.3.5 | B19: Scripts DDL/DML/varios y README | C19: Juan David Polo Herrera | D19: 12 | E19: 12 | F19: =E19-D19+1 | G19: 32 | H19: 1.3.4
A20: 1.3.6 | B20: Conexión de la aplicación web | C20: Juan Miguel Ramos | D20: 13 | E20: 13 | F20: =E20-D20+1 | G20: 24 | H20: 1.3.5
A21: 1.3.7 | B21: Repositorio Git y GitHub | C21: Juan David Polo Herrera | D21: 1 | E21: 13 | F21: =E21-D21+1 | G21: 13
A22: 1.3.8 | B22: Video de demostración | C22: Juan Miguel Ramos | D22: 13 | E22: 13 | F22: =E22-D22+1 | G22: 8 | H22: 1.3.5
A23: H2 | B23: Fin Fase 2 | C23: Juan David Polo Herrera | D23: 13 | E23: 13 | F23: =0 | G23: 0 | H23: 1.3.6, 1.3.7, 1.3.8
A24: 1.4.1 | B24: Sustentación y aceptación | C24: Sebastián Castellanos Parra | D24: 14 | E24: 14 | F24: =E24-D24+1 | G24: 8 | H24: H2
A25: 1.4.2 | B25: Acta de cierre | C25: Juan David Polo Herrera | D25: 14 | E25: 14 | F25: =E25-D25+1 | G25: 8 | H25: H2
A26: H3 | B26: Cierre del proyecto | C26: Juan David Polo Herrera | D26: 14 | E26: 14 | F26: =0 | G26: 0 | H26: 1.4.1, 1.4.2
B27: Total de horas | G27: =SUM(G2:G26)

Sheet Gantt
A1: ID EDT | B1: Actividad | C1: Semana 1 | D1: Semana 2 | E1: Semana 3 | F1: Semana 4 | G1: Semana 5 | H1: Semana 6 | I1: Semana 7 | J1: Semana 8 | K1: Semana 9 | L1: Semana 10 | M1: Semana 11 | N1: Semana 12 | O1: Semana 13 | P1: Semana 14
A2: =Tareas!A2 | B2: =Tareas!B2 | C2: =IF(AND(1>=Tareas!$D2,1<=Tareas!$E2),IF(Tareas!$G2=0,"◆","■"),"") | D2: =IF(AND(2>=Tareas!$D2,2<=Tareas!$E2),IF(Tareas!$G2=0,"◆","■"),"") | E2: =IF(AND(3>=Tareas!$D2,3<=Tareas!$E2),IF(Tareas!$G2=0,"◆","■"),"") | F2: =IF(AND(4>=Tareas!$D2,4<=Tareas!$E2),IF(Tareas!$G2=0,"◆","■"),"") | G2: =IF(AND(5>=Tareas!$D2,5<=Tareas!$E2),IF(Tareas!$G2=0,"◆","■"),"") | H2: =IF(AND(6>=Tareas!$D2,6<=Tareas!$E2),IF(Tareas!$G2=0,"◆","■"),"") | I2: =IF(AND(7>=Tareas!$D2,7<=Tareas!$E2),IF(Tareas!$G2=0,"◆","■"),"") | J2: =IF(AND(8>=Tareas!$D2,8<=Tareas!$E2),IF(Tareas!$G2=0,"◆","■"),"") | K2: =IF(AND(9>=Tareas!$D2,9<=Tareas!$E2),IF(Tareas!$G2=0,"◆","■"),"") | L2: =IF(AND(10>=Tareas!$D2,10<=Tareas!$E2),IF(Tareas!$G2=0,"◆","■"),"") | M2: =IF(AND(11>=Tareas!$D2,11<=Tareas!$E2),IF(Tareas!$G2=0,"◆","■"),"") | N2: =IF(AND(12>=Tareas!$D2,12<=Tareas!$E2),IF(Tareas!$G2=0,"◆","■"),"") | O2: =IF(AND(13>=Tareas!$D2,13<=Tareas!$E2),IF(Tareas!$G2=0,"◆","■"),"") | P2: =IF(AND(14>=Tareas!$D2,14<=Tareas!$E2),IF(Tareas!$G2=0,"◆","■"),"")
A3: =Tareas!A3 | B3: =Tareas!B3 | C3: =IF(AND(1>=Tareas!$D3,1<=Tareas!$E3),IF(Tareas!$G3=0,"◆","■"),"") | D3: =IF(AND(2>=Tareas!$D3,2<=Tareas!$E3),IF(Tareas!$G3=0,"◆","■"),"") | E3: =IF(AND(3>=Tareas!$D3,3<=Tareas!$E3),IF(Tareas!$G3=0,"◆","■"),"") | F3: =IF(AND(4>=Tareas!$D3,4<=Tareas!$E3),IF(Tareas!$G3=0,"◆","■"),"") | G3: =IF(AND(5>=Tareas!$D3,5<=Tareas!$E3),IF(Tareas!$G3=0,"◆","■"),"") | H3: =IF(AND(6>=Tareas!$D3,6<=Tareas!$E3),IF(Tareas!$G3=0,"◆","■"),"") | I3: =IF(AND(7>=Tareas!$D3,7<=Tareas!$E3),IF(Tareas!$G3=0,"◆","■"),"") | J3: =IF(AND(8>=Tareas!$D3,8<=Tareas!$E3),IF(Tareas!$G3=0,"◆","■"),"") | K3: =IF(AND(9>=Tareas!$D3,9<=Tareas!$E3),IF(Tareas!$G3=0,"◆","■"),"") | L3: =IF(AND(10>=Tareas!$D3,10<=Tareas!$E3),IF(Tareas!$G3=0,"◆","■"),"") | M3: =IF(AND(11>=Tareas!$D3,11<=Tareas!$E3),IF(Tareas!$G3=0,"◆","■"),"") | N3: =IF(AND(12>=Tareas!$D3,12<=Tareas!$E3),IF(Tareas!$G3=0,"◆","■"),"") | O3: =IF(AND(13>=Tareas!$D3,13<=Tareas!$E3),IF(Tareas!$G3=0,"◆","■"),"") | P3: =IF(AND(14>=Tareas!$D3,14<=Tareas!$E3),IF(Tareas!$G3=0,"◆","■"),"")
A4: =Tareas!A4 | B4: =Tareas!B4 | C4: =IF(AND(1>=Tareas!$D4,1<=Tareas!$E4),IF(Tareas!$G4=0,"◆","■"),"") | D4: =IF(AND(2>=Tareas!$D4,2<=Tareas!$E4),IF(Tareas!$G4=0,"◆","■"),"") | E4: =IF(AND(3>=Tareas!$D4,3<=Tareas!$E4),IF(Tareas!$G4=0,"◆","■"),"") | F4: =IF(AND(4>=Tareas!$D4,4<=Tareas!$E4),IF(Tareas!$G4=0,"◆","■"),"") | G4: =IF(AND(5>=Tareas!$D4,5<=Tareas!$E4),IF(Tareas!$G4=0,"◆","■"),"") | H4: =IF(AND(6>=Tareas!$D4,6<=Tareas!$E4),IF(Tareas!$G4=0,"◆","■"),"") | I4: =IF(AND(7>=Tareas!$D4,7<=Tareas!$E4),IF(Tareas!$G4=0,"◆","■"),"") | J4: =IF(AND(8>=Tareas!$D4,8<=Tareas!$E4),IF(Tareas!$G4=0,"◆","■"),"") | K4: =IF(AND(9>=Tareas!$D4,9<=Tareas!$E4),IF(Tareas!$G4=0,"◆","■"),"") | L4: =IF(AND(10>=Tareas!$D4,10<=Tareas!$E4),IF(Tareas!$G4=0,"◆","■"),"") | M4: =IF(AND(11>=Tareas!$D4,11<=Tareas!$E4),IF(Tareas!$G4=0,"◆","■"),"") | N4: =IF(AND(12>=Tareas!$D4,12<=Tareas!$E4),IF(Tareas!$G4=0,"◆","■"),"") | O4: =IF(AND(13>=Tareas!$D4,13<=Tareas!$E4),IF(Tareas!$G4=0,"◆","■"),"") | P4: =IF(AND(14>=Tareas!$D4,14<=Tareas!$E4),IF(Tareas!$G4=0,"◆","■"),"")
A5: =Tareas!A5 | B5: =Tareas!B5 | C5: =IF(AND(1>=Tareas!$D5,1<=Tareas!$E5),IF(Tareas!$G5=0,"◆","■"),"") | D5: =IF(AND(2>=Tareas!$D5,2<=Tareas!$E5),IF(Tareas!$G5=0,"◆","■"),"") | E5: =IF(AND(3>=Tareas!$D5,3<=Tareas!$E5),IF(Tareas!$G5=0,"◆","■"),"") | F5: =IF(AND(4>=Tareas!$D5,4<=Tareas!$E5),IF(Tareas!$G5=0,"◆","■"),"") | G5: =IF(AND(5>=Tareas!$D5,5<=Tareas!$E5),IF(Tareas!$G5=0,"◆","■"),"") | H5: =IF(AND(6>=Tareas!$D5,6<=Tareas!$E5),IF(Tareas!$G5=0,"◆","■"),"") | I5: =IF(AND(7>=Tareas!$D5,7<=Tareas!$E5),IF(Tareas!$G5=0,"◆","■"),"") | J5: =IF(AND(8>=Tareas!$D5,8<=Tareas!$E5),IF(Tareas!$G5=0,"◆","■"),"") | K5: =IF(AND(9>=Tareas!$D5,9<=Tareas!$E5),IF(Tareas!$G5=0,"◆","■"),"") | L5: =IF(AND(10>=Tareas!$D5,10<=Tareas!$E5),IF(Tareas!$G5=0,"◆","■"),"") | M5: =IF(AND(11>=Tareas!$D5,11<=Tareas!$E5),IF(Tareas!$G5=0,"◆","■"),"") | N5: =IF(AND(12>=Tareas!$D5,12<=Tareas!$E5),IF(Tareas!$G5=0,"◆","■"),"") | O5: =IF(AND(13>=Tareas!$D5,13<=Tareas!$E5),IF(Tareas!$G5=0,"◆","■"),"") | P5: =IF(AND(14>=Tareas!$D5,14<=Tareas!$E5),IF(Tareas!$G5=0,"◆","■"),"")
A6: =Tareas!A6 | B6: =Tareas!B6 | C6: =IF(AND(1>=Tareas!$D6,1<=Tareas!$E6),IF(Tareas!$G6=0,"◆","■"),"") | D6: =IF(AND(2>=Tareas!$D6,2<=Tareas!$E6),IF(Tareas!$G6=0,"◆","■"),"") | E6: =IF(AND(3>=Tareas!$D6,3<=Tareas!$E6),IF(Tareas!$G6=0,"◆","■"),"") | F6: =IF(AND(4>=Tareas!$D6,4<=Tareas!$E6),IF(Tareas!$G6=0,"◆","■"),"") | G6: =IF(AND(5>=Tareas!$D6,5<=Tareas!$E6),IF(Tareas!$G6=0,"◆","■"),"") | H6: =IF(AND(6>=Tareas!$D6,6<=Tareas!$E6),IF(Tareas!$G6=0,"◆","■"),"") | I6: =IF(AND(7>=Tareas!$D6,7<=Tareas!$E6),IF(Tareas!$G6=0,"◆","■"),"") | J6: =IF(AND(8>=Tareas!$D6,8<=Tareas!$E6),IF(Tareas!$G6=0,"◆","■"),"") | K6: =IF(AND(9>=Tareas!$D6,9<=Tareas!$E6),IF(Tareas!$G6=0,"◆","■"),"") | L6: =IF(AND(10>=Tareas!$D6,10<=Tareas!$E6),IF(Tareas!$G6=0,"◆","■"),"") | M6: =IF(AND(11>=Tareas!$D6,11<=Tareas!$E6),IF(Tareas!$G6=0,"◆","■"),"") | N6: =IF(AND(12>=Tareas!$D6,12<=Tareas!$E6),IF(Tareas!$G6=0,"◆","■"),"") | O6: =IF(AND(13>=Tareas!$D6,13<=Tareas!$E6),IF(Tareas!$G6=0,"◆","■"),"") | P6: =IF(AND(14>=Tareas!$D6,14<=Tareas!$E6),IF(Tareas!$G6=0,"◆","■"),"")
A7: =Tareas!A7 | B7: =Tareas!B7 | C7: =IF(AND(1>=Tareas!$D7,1<=Tareas!$E7),IF(Tareas!$G7=0,"◆","■"),"") | D7: =IF(AND(2>=Tareas!$D7,2<=Tareas!$E7),IF(Tareas!$G7=0,"◆","■"),"") | E7: =IF(AND(3>=Tareas!$D7,3<=Tareas!$E7),IF(Tareas!$G7=0,"◆","■"),"") | F7: =IF(AND(4>=Tareas!$D7,4<=Tareas!$E7),IF(Tareas!$G7=0,"◆","■"),"") | G7: =IF(AND(5>=Tareas!$D7,5<=Tareas!$E7),IF(Tareas!$G7=0,"◆","■"),"") | H7: =IF(AND(6>=Tareas!$D7,6<=Tareas!$E7),IF(Tareas!$G7=0,"◆","■"),"") | I7: =IF(AND(7>=Tareas!$D7,7<=Tareas!$E7),IF(Tareas!$G7=0,"◆","■"),"") | J7: =IF(AND(8>=Tareas!$D7,8<=Tareas!$E7),IF(Tareas!$G7=0,"◆","■"),"") | K7: =IF(AND(9>=Tareas!$D7,9<=Tareas!$E7),IF(Tareas!$G7=0,"◆","■"),"") | L7: =IF(AND(10>=Tareas!$D7,10<=Tareas!$E7),IF(Tareas!$G7=0,"◆","■"),"") | M7: =IF(AND(11>=Tareas!$D7,11<=Tareas!$E7),IF(Tareas!$G7=0,"◆","■"),"") | N7: =IF(AND(12>=Tareas!$D7,12<=Tareas!$E7),IF(Tareas!$G7=0,"◆","■"),"") | O7: =IF(AND(13>=Tareas!$D7,13<=Tareas!$E7),IF(Tareas!$G7=0,"◆","■"),"") | P7: =IF(AND(14>=Tareas!$D7,14<=Tareas!$E7),IF(Tareas!$G7=0,"◆","■"),"")
A8: =Tareas!A8 | B8: =Tareas!B8 | C8: =IF(AND(1>=Tareas!$D8,1<=Tareas!$E8),IF(Tareas!$G8=0,"◆","■"),"") | D8: =IF(AND(2>=Tareas!$D8,2<=Tareas!$E8),IF(Tareas!$G8=0,"◆","■"),"") | E8: =IF(AND(3>=Tareas!$D8,3<=Tareas!$E8),IF(Tareas!$G8=0,"◆","■"),"") | F8: =IF(AND(4>=Tareas!$D8,4<=Tareas!$E8),IF(Tareas!$G8=0,"◆","■"),"") | G8: =IF(AND(5>=Tareas!$D8,5<=Tareas!$E8),IF(Tareas!$G8=0,"◆","■"),"") | H8: =IF(AND(6>=Tareas!$D8,6<=Tareas!$E8),IF(Tareas!$G8=0,"◆","■"),"") | I8: =IF(AND(7>=Tareas!$D8,7<=Tareas!$E8),IF(Tareas!$G8=0,"◆","■"),"") | J8: =IF(AND(8>=Tareas!$D8,8<=Tareas!$E8),IF(Tareas!$G8=0,"◆","■"),"") | K8: =IF(AND(9>=Tareas!$D8,9<=Tareas!$E8),IF(Tareas!$G8=0,"◆","■"),"") | L8: =IF(AND(10>=Tareas!$D8,10<=Tareas!$E8),IF(Tareas!$G8=0,"◆","■"),"") | M8: =IF(AND(11>=Tareas!$D8,11<=Tareas!$E8),IF(Tareas!$G8=0,"◆","■"),"") | N8: =IF(AND(12>=Tareas!$D8,12<=Tareas!$E8),IF(Tareas!$G8=0,"◆","■"),"") | O8: =IF(AND(13>=Tareas!$D8,13<=Tareas!$E8),IF(Tareas!$G8=0,"◆","■"),"") | P8: =IF(AND(14>=Tareas!$D8,14<=Tareas!$E8),IF(Tareas!$G8=0,"◆","■"),"")
A9: =Tareas!A9 | B9: =Tareas!B9 | C9: =IF(AND(1>=Tareas!$D9,1<=Tareas!$E9),IF(Tareas!$G9=0,"◆","■"),"") | D9: =IF(AND(2>=Tareas!$D9,2<=Tareas!$E9),IF(Tareas!$G9=0,"◆","■"),"") | E9: =IF(AND(3>=Tareas!$D9,3<=Tareas!$E9),IF(Tareas!$G9=0,"◆","■"),"") | F9: =IF(AND(4>=Tareas!$D9,4<=Tareas!$E9),IF(Tareas!$G9=0,"◆","■"),"") | G9: =IF(AND(5>=Tareas!$D9,5<=Tareas!$E9),IF(Tareas!$G9=0,"◆","■"),"") | H9: =IF(AND(6>=Tareas!$D9,6<=Tareas!$E9),IF(Tareas!$G9=0,"◆","■"),"") | I9: =IF(AND(7>=Tareas!$D9,7<=Tareas!$E9),IF(Tareas!$G9=0,"◆","■"),"") | J9: =IF(AND(8>=Tareas!$D9,8<=Tareas!$E9),IF(Tareas!$G9=0,"◆","■"),"") | K9: =IF(AND(9>=Tareas!$D9,9<=Tareas!$E9),IF(Tareas!$G9=0,"◆","■"),"") | L9: =IF(AND(10>=Tareas!$D9,10<=Tareas!$E9),IF(Tareas!$G9=0,"◆","■"),"") | M9: =IF(AND(11>=Tareas!$D9,11<=Tareas!$E9),IF(Tareas!$G9=0,"◆","■"),"") | N9: =IF(AND(12>=Tareas!$D9,12<=Tareas!$E9),IF(Tareas!$G9=0,"◆","■"),"") | O9: =IF(AND(13>=Tareas!$D9,13<=Tareas!$E9),IF(Tareas!$G9=0,"◆","■"),"") | P9: =IF(AND(14>=Tareas!$D9,14<=Tareas!$E9),IF(Tareas!$G9=0,"◆","■"),"")
A10: =Tareas!A10 | B10: =Tareas!B10 | C10: =IF(AND(1>=Tareas!$D10,1<=Tareas!$E10),IF(Tareas!$G10=0,"◆","■"),"") | D10: =IF(AND(2>=Tareas!$D10,2<=Tareas!$E10),IF(Tareas!$G10=0,"◆","■"),"") | E10: =IF(AND(3>=Tareas!$D10,3<=Tareas!$E10),IF(Tareas!$G10=0,"◆","■"),"") | F10: =IF(AND(4>=Tareas!$D10,4<=Tareas!$E10),IF(Tareas!$G10=0,"◆","■"),"") | G10: =IF(AND(5>=Tareas!$D10,5<=Tareas!$E10),IF(Tareas!$G10=0,"◆","■"),"") | H10: =IF(AND(6>=Tareas!$D10,6<=Tareas!$E10),IF(Tareas!$G10=0,"◆","■"),"") | I10: =IF(AND(7>=Tareas!$D10,7<=Tareas!$E10),IF(Tareas!$G10=0,"◆","■"),"") | J10: =IF(AND(8>=Tareas!$D10,8<=Tareas!$E10),IF(Tareas!$G10=0,"◆","■"),"") | K10: =IF(AND(9>=Tareas!$D10,9<=Tareas!$E10),IF(Tareas!$G10=0,"◆","■"),"") | L10: =IF(AND(10>=Tareas!$D10,10<=Tareas!$E10),IF(Tareas!$G10=0,"◆","■"),"") | M10: =IF(AND(11>=Tareas!$D10,11<=Tareas!$E10),IF(Tareas!$G10=0,"◆","■"),"") | N10: =IF(AND(12>=Tareas!$D10,12<=Tareas!$E10),IF(Tareas!$G10=0,"◆","■"),"") | O10: =IF(AND(13>=Tareas!$D10,13<=Tareas!$E10),IF(Tareas!$G10=0,"◆","■"),"") | P10: =IF(AND(14>=Tareas!$D10,14<=Tareas!$E10),IF(Tareas!$G10=0,"◆","■"),"")
A11: =Tareas!A11 | B11: =Tareas!B11 | C11: =IF(AND(1>=Tareas!$D11,1<=Tareas!$E11),IF(Tareas!$G11=0,"◆","■"),"") | D11: =IF(AND(2>=Tareas!$D11,2<=Tareas!$E11),IF(Tareas!$G11=0,"◆","■"),"") | E11: =IF(AND(3>=Tareas!$D11,3<=Tareas!$E11),IF(Tareas!$G11=0,"◆","■"),"") | F11: =IF(AND(4>=Tareas!$D11,4<=Tareas!$E11),IF(Tareas!$G11=0,"◆","■"),"") | G11: =IF(AND(5>=Tareas!$D11,5<=Tareas!$E11),IF(Tareas!$G11=0,"◆","■"),"") | H11: =IF(AND(6>=Tareas!$D11,6<=Tareas!$E11),IF(Tareas!$G11=0,"◆","■"),"") | I11: =IF(AND(7>=Tareas!$D11,7<=Tareas!$E11),IF(Tareas!$G11=0,"◆","■"),"") | J11: =IF(AND(8>=Tareas!$D11,8<=Tareas!$E11),IF(Tareas!$G11=0,"◆","■"),"") | K11: =IF(AND(9>=Tareas!$D11,9<=Tareas!$E11),IF(Tareas!$G11=0,"◆","■"),"") | L11: =IF(AND(10>=Tareas!$D11,10<=Tareas!$E11),IF(Tareas!$G11=0,"◆","■"),"") | M11: =IF(AND(11>=Tareas!$D11,11<=Tareas!$E11),IF(Tareas!$G11=0,"◆","■"),"") | N11: =IF(AND(12>=Tareas!$D11,12<=Tareas!$E11),IF(Tareas!$G11=0,"◆","■"),"") | O11: =IF(AND(13>=Tareas!$D11,13<=Tareas!$E11),IF(Tareas!$G11=0,"◆","■"),"") | P11: =IF(AND(14>=Tareas!$D11,14<=Tareas!$E11),IF(Tareas!$G11=0,"◆","■"),"")
A12: =Tareas!A12 | B12: =Tareas!B12 | C12: =IF(AND(1>=Tareas!$D12,1<=Tareas!$E12),IF(Tareas!$G12=0,"◆","■"),"") | D12: =IF(AND(2>=Tareas!$D12,2<=Tareas!$E12),IF(Tareas!$G12=0,"◆","■"),"") | E12: =IF(AND(3>=Tareas!$D12,3<=Tareas!$E12),IF(Tareas!$G12=0,"◆","■"),"") | F12: =IF(AND(4>=Tareas!$D12,4<=Tareas!$E12),IF(Tareas!$G12=0,"◆","■"),"") | G12: =IF(AND(5>=Tareas!$D12,5<=Tareas!$E12),IF(Tareas!$G12=0,"◆","■"),"") | H12: =IF(AND(6>=Tareas!$D12,6<=Tareas!$E12),IF(Tareas!$G12=0,"◆","■"),"") | I12: =IF(AND(7>=Tareas!$D12,7<=Tareas!$E12),IF(Tareas!$G12=0,"◆","■"),"") | J12: =IF(AND(8>=Tareas!$D12,8<=Tareas!$E12),IF(Tareas!$G12=0,"◆","■"),"") | K12: =IF(AND(9>=Tareas!$D12,9<=Tareas!$E12),IF(Tareas!$G12=0,"◆","■"),"") | L12: =IF(AND(10>=Tareas!$D12,10<=Tareas!$E12),IF(Tareas!$G12=0,"◆","■"),"") | M12: =IF(AND(11>=Tareas!$D12,11<=Tareas!$E12),IF(Tareas!$G12=0,"◆","■"),"") | N12: =IF(AND(12>=Tareas!$D12,12<=Tareas!$E12),IF(Tareas!$G12=0,"◆","■"),"") | O12: =IF(AND(13>=Tareas!$D12,13<=Tareas!$E12),IF(Tareas!$G12=0,"◆","■"),"") | P12: =IF(AND(14>=Tareas!$D12,14<=Tareas!$E12),IF(Tareas!$G12=0,"◆","■"),"")
A13: =Tareas!A13 | B13: =Tareas!B13 | C13: =IF(AND(1>=Tareas!$D13,1<=Tareas!$E13),IF(Tareas!$G13=0,"◆","■"),"") | D13: =IF(AND(2>=Tareas!$D13,2<=Tareas!$E13),IF(Tareas!$G13=0,"◆","■"),"") | E13: =IF(AND(3>=Tareas!$D13,3<=Tareas!$E13),IF(Tareas!$G13=0,"◆","■"),"") | F13: =IF(AND(4>=Tareas!$D13,4<=Tareas!$E13),IF(Tareas!$G13=0,"◆","■"),"") | G13: =IF(AND(5>=Tareas!$D13,5<=Tareas!$E13),IF(Tareas!$G13=0,"◆","■"),"") | H13: =IF(AND(6>=Tareas!$D13,6<=Tareas!$E13),IF(Tareas!$G13=0,"◆","■"),"") | I13: =IF(AND(7>=Tareas!$D13,7<=Tareas!$E13),IF(Tareas!$G13=0,"◆","■"),"") | J13: =IF(AND(8>=Tareas!$D13,8<=Tareas!$E13),IF(Tareas!$G13=0,"◆","■"),"") | K13: =IF(AND(9>=Tareas!$D13,9<=Tareas!$E13),IF(Tareas!$G13=0,"◆","■"),"") | L13: =IF(AND(10>=Tareas!$D13,10<=Tareas!$E13),IF(Tareas!$G13=0,"◆","■"),"") | M13: =IF(AND(11>=Tareas!$D13,11<=Tareas!$E13),IF(Tareas!$G13=0,"◆","■"),"") | N13: =IF(AND(12>=Tareas!$D13,12<=Tareas!$E13),IF(Tareas!$G13=0,"◆","■"),"") | O13: =IF(AND(13>=Tareas!$D13,13<=Tareas!$E13),IF(Tareas!$G13=0,"◆","■"),"") | P13: =IF(AND(14>=Tareas!$D13,14<=Tareas!$E13),IF(Tareas!$G13=0,"◆","■"),"")
... A26: =Tareas!A26 | B26: =Tareas!B26 | C26: =IF(AND(1>=Tareas!$D26,1<=Tareas!$E26),IF(Tareas!$G26=0,"◆","■"),"") | D26: =IF(AND(2>=Tareas!$D26,2<=Tareas!$E26),IF(Tareas!$G26=0,"◆","■"),"") | E26: =IF(AND(3>=Tareas!$D26,3<=Tareas!$E26),IF(Tareas!$G26=0,"◆","■"),"") | F26: =IF(AND(4>=Tareas!$D26,4<=Tareas!$E26),IF(Tareas!$G26=0,"◆","■"),"") | G26: =IF(AND(5>=Tareas!$D26,5<=Tareas!$E26),IF(Tareas!$G26=0,"◆","■"),"") | H26: =IF(AND(6>=Tareas!$D26,6<=Tareas!$E26),IF(Tareas!$G26=0,"◆","■"),"") | I26: =IF(AND(7>=Tareas!$D26,7<=Tareas!$E26),IF(Tareas!$G26=0,"◆","■"),"") | J26: =IF(AND(8>=Tareas!$D26,8<=Tareas!$E26),IF(Tareas!$G26=0,"◆","■"),"") | K26: =IF(AND(9>=Tareas!$D26,9<=Tareas!$E26),IF(Tareas!$G26=0,"◆","■"),"") | L26: =IF(AND(10>=Tareas!$D26,10<=Tareas!$E26),IF(Tareas!$G26=0,"◆","■"),"") | M26: =IF(AND(11>=Tareas!$D26,11<=Tareas!$E26),IF(Tareas!$G26=0,"◆","■"),"") | N26: =IF(AND(12>=Tareas!$D26,12<=Tareas!$E26),IF(Tareas!$G26=0,"◆","■"),"") | O26: =IF(AND(13>=Tareas!$D26,13<=Tareas!$E26),IF(Tareas!$G26=0,"◆","■"),"") | P26: =IF(AND(14>=Tareas!$D26,14<=Tareas!$E26),IF(Tareas!$G26=0,"◆","■"),"")
A27: ■ | B27: Juan David Polo Herrera
A28: ■ | B28: Sebastián Castellanos Parra
A29: ■ | B29: Juan Miguel Ramos
A30: ◆ | B30: Hito sin duración ni esfuerzo adicional
